n	e
	Academic Advising
	Academic Advising
1	Academic Advising
1	Academic Advising
	Academic Advising
	Academic Advising
	Academic Advising
	Academic Advising
	Academic Advising
	Academic Advising
1	Academic Advising
	Academic Advising
1	Academic Advising
3	Academic Resources
5	Academic Resources
5	Academic Resources
4	Academic Resources
3	Academic Resources
7	Academic Resources
5	Academic Resources
3	Academic Resources
4	Academic Resources
2	Academic Resources
9	Academic Resources
	Academic Resources
	Academic Resources
	Accessibility & Disability Resources
1	Accessibility & Disability Resources
1	Accessibility & Disability Resources
	Accessibility & Disability Resources
1	Accessibility & Disability Resources
	Accessibility & Disability Resources
	Accessibility & Disability Resources
1	Accessibility & Disability Resources
1	Accessibility & Disability Resources
	Accessibility & Disability Resources
2	Accessibility & Disability Resources
1	Accessibility & Disability Resources
	Accessibility & Disability Resources
1	Admission & Financial Aid
	Admission & Financial Aid
1	Admission & Financial Aid
	Admission & Financial Aid
1	Admission & Financial Aid
	Admission & Financial Aid
	Admission & Financial Aid
	Admission & Financial Aid
	Admission & Financial Aid
	Admission & Financial Aid
	Admission & Financial Aid
	Admission & Financial Aid
	Admission & Financial Aid
1	CLS
	CLS
2	CLS
2	CLS
4	CLS
2	CLS
3	CLS
2	CLS
	CLS
1	CLS
	CLS
2	CLS
1	CLS
1	Course Instructors & Faculty Mentors
4	Course Instructors & Faculty Mentors
12	Course Instructors & Faculty Mentors
6	Course Instructors & Faculty Mentors
3	Course Instructors & Faculty Mentors
15	Course Instructors & Faculty Mentors
3	Course Instructors & Faculty Mentors
6	Course Instructors & Faculty Mentors
11	Course Instructors & Faculty Mentors
6	Course Instructors & Faculty Mentors
10	Course Instructors & Faculty Mentors
9	Course Instructors & Faculty Mentors
3	Course Instructors & Faculty Mentors
	CRSSJ
	CRSSJ
1	CRSSJ
	CRSSJ
	CRSSJ
	CRSSJ
	CRSSJ
	CRSSJ
	CRSSJ
	CRSSJ
2	CRSSJ
1	CRSSJ
2	CRSSJ
44	Faculty Adviser
44	Faculty Adviser
44	Faculty Adviser
35	Faculty Adviser
27	Faculty Adviser
36	Faculty Adviser
2	Faculty Adviser
13	Faculty Adviser
23	Faculty Adviser
10	Faculty Adviser
25	Faculty Adviser
13	Faculty Adviser
10	Faculty Adviser
	IGE
1	IGE
1	IGE
	IGE
1	IGE
	IGE
	IGE
1	IGE
1	IGE
	IGE
1	IGE
	IGE
	IGE
	ODEI
	ODEI
	ODEI
	ODEI
1	ODEI
	ODEI
	ODEI
	ODEI
	ODEI
	ODEI
1	ODEI
1	ODEI
1	ODEI
	OISA
	OISA
1	OISA
1	OISA
1	OISA
1	OISA
	OISA
1	OISA
	OISA
	OISA
1	OISA
	OISA
	OISA
	Coaches & PEAR Staff
1	Coaches & PEAR Staff
1	Coaches & PEAR Staff
1	Coaches & PEAR Staff
1	Coaches & PEAR Staff
	Coaches & PEAR Staff
	Coaches & PEAR Staff
1	Coaches & PEAR Staff
	Coaches & PEAR Staff
	Coaches & PEAR Staff
1	Coaches & PEAR Staff
	Coaches & PEAR Staff
1	Coaches & PEAR Staff
	Supervisors
	Supervisors
	Supervisors
	Supervisors
	Supervisors
	Supervisors
	Supervisors
	Supervisors
1	Supervisors
	Supervisors
	Supervisors
	Supervisors
	Supervisors
1	Registrar's Office
1	Registrar's Office
1	Registrar's Office
1	Registrar's Office
1	Registrar's Office
	Registrar's Office
	Registrar's Office
	Registrar's Office
	Registrar's Office
1	Registrar's Office
1	Registrar's Office
	Registrar's Office
	Registrar's Office
	Finance/Bursar
	Finance/Bursar
1	Finance/Bursar
	Finance/Bursar
1	Finance/Bursar
	Finance/Bursar
	Finance/Bursar
	Finance/Bursar
	Finance/Bursar
	Finance/Bursar
	Finance/Bursar
	Finance/Bursar
1	Finance/Bursar